question,top_k_chunk,answer,evaluation_error,evaluation_factual_correctness_score,evaluation_completeness_score,evaluation_clarity_score,evaluation_comments
"What types of financial statements are included in Amazon's 2024 financial report, as outlined in the document's index to consolidated financial statements?",13; 52; 45; 85,"Based on the information you provided from the document’s index to consolidated financial statements, Amazon’s 2024 financial report includes the following types of financial statements:

- **Consolidated Balance Sheets** (as of December 31, 2023 and 2024)
- **Consolidated Statements of Operations** (for each of the three years ended December 31, 2024)
- **Consolidated Statements of Comprehensive Income (Loss)** (for each of the three years ended December 31, 2024)
- **Consolidated Statements of Stockholders’ Equity** (for each of the three years ended December 31, 2024)
- **Consolidated Statements of Cash Flows** (for each of the three years ended December 31, 2024)
- **Notes to Consolidated Financial Statements**

These align with the standard set of financial statements required for comprehensive financial reporting, including balance sheets, income statements (often referred to as statements of operations), statements of comprehensive income, statements of stockholders’ equity, and cash flow statements[1][2][3].",Expecting value: line 1 column 1 (char 0),,,,
"What forward-looking statements are included in Apple Inc.'s Form 10-K for the fiscal year ended September 28, 2024, and how do they relate to potential future impacts on the company's business?",92; 120; 93; 345; 454,"I don't know based on the provided document. The context does not include specific forward-looking statements from Apple Inc.'s Form 10-K for the fiscal year ended September 28, 2024. However, it mentions that such statements are typically found in Part I, Item 1 (""Business"") and Part II, Item 7 (""Management’s Discussion and Analysis of Financial Condition and Results of Operations"") of the Form 10-K. These statements generally involve risks and uncertainties related to future events and may include discussions on macroeconomic conditions affecting the company's business and results of operations. For detailed information, you would need to refer to the actual Form 10-K document.",,5.0,4.0,5.0,"The answer correctly states that the chunk does not include specific forward-looking statements and accurately explains where such statements are typically found and what they involve, but could note the absence of explicit content in the chunk itself."
"Based on the provided chunk regarding Cisco Systems’ fiscal year 2024 report, here is a question generated according to your requirements:

**How did Cisco Systems’ management and principal officers assess the effectiveness of the company’s disclosure controls and procedures for fiscal year 2024, and what was their conclusion regarding those controls?**",287; 214; 284; 213; 224,I don't know based on the provided document.,,1.0,1.0,1.0,"The model incorrectly states it does not know, while the chunk contains information about Cisco's internal controls and disclosure oversight, and is required to be read in conjunction with financial statements and notes[1][5]. The answer fails to address the question or extract relevant details."
"How do evolving and uncertain regulations in areas such as AI, competition, consumer protection, content moderation, data privacy, news, and sustainability impact Alphabet Inc.'s business operations and risks, particularly as reported for the fiscal year ended December 31, 2024?",652; 347; 345; 353,"Evolving and uncertain regulations in areas such as AI, competition, consumer protection, content moderation, data privacy, news, and sustainability significantly impact Alphabet Inc.'s business operations and risks. Here are the key ways these regulations affect Alphabet:

## Impact of Evolving Regulations

1. **Regulatory Scrutiny and Compliance Costs**: Alphabet faces heightened regulatory scrutiny, particularly in AI, which could lead to increased compliance costs and operational challenges. New regulations like the EU AI Act and Digital Markets Act may impose significant burdens on the company[5].

2. **Antitrust Risks**: The U.S. Justice Department's antitrust probe into Alphabet's deal with Character.AI highlights concerns over AI acquisitions and their impact on competition. Such investigations can lead to legal and reputational risks[1].

3. **Data Privacy and Security Concerns**: Evolving data privacy regulations can affect Alphabet's ability to collect and use user data, potentially impacting its advertising revenue and business models[5].

4. **Content Moderation Challenges**: Regulations related to content moderation can require Alphabet to invest more in monitoring and managing content on its platforms, which may increase costs and affect user experience[5].

5. **Operational and Market Risks**: The company must navigate intense competition and invest heavily in AI and cloud services, which poses risks related to infrastructure availability and pricing. Changes in advertising policies and data privacy practices can also harm the business[5].

6. **Reputational and Liability Risks**: The development and use of AI may lead to reputational harm and increased liability exposure due to issues like harmful content and data privacy concerns[5].

Overall, these evolving regulations can increase costs, limit business practices, and affect Alphabet's competitive position and financial results[5].",Expecting value: line 1 column 1 (char 0),,,,
"How does Meta Platforms, Inc. address the limitations and risks associated with forward-looking statements and the use of non-GAAP financial measures in its financial results for the fourth quarter and full year 2024?",442; 446; 449; 448; 447,"I don't know based on the provided documents. The information available does not specifically address how Meta Platforms, Inc. addresses the limitations and risks associated with forward-looking statements or the use of non-GAAP financial measures in its financial results for the fourth quarter and full year 2024. For detailed information, you would need to refer to Meta's official SEC filings or investor relations materials, particularly sections like ""Risk Factors"" and ""Management's Discussion and Analysis of Financial Condition and Results of Operations"" in their reports[2][3][4].",,5.0,5.0,5.0,"The answer correctly states that the provided documents do not specifically address how Meta Platforms, Inc. manages the limitations and risks associated with forward-looking statements and non-GAAP financial measures for Q4 and full year 2024, aligning with the document content. It appropriately directs to relevant official SEC filings and investor relations materials for detailed information, reflecting an accurate and complete response in a clear manner."
"What exhibits related to Netflix, Inc.’s fiscal year ended December 31, 2024, are included in the annual report, and what types of certifications and plans are filed with the SEC as part of this report?",453; 520; 521; 533; 534,"I don't know based on the provided document. The context does not explicitly list the exhibits included in Netflix, Inc.'s annual report for the fiscal year ended December 31, 2024, nor does it detail all the types of certifications and plans filed with the SEC beyond those related to the Sarbanes-Oxley Act of 2002 and internal control over financial reporting. However, it does mention certifications under Section 302 and Section 906 of the Sarbanes-Oxley Act of 2002, as well as management contracts or compensatory plans, a clawback policy, and an insider trading policy.",,5.0,4.0,5.0,"The answer correctly notes the lack of explicit detail in the provided document chunk about the full exhibits included in Netflix's 2024 annual report, mentioning key certifications and policies that are typically filed (Sections 302 and 906 certifications, management contracts, clawback and insider trading policies). It could be more complete by explicitly confirming the inclusion of these exhibits, but it accurately reflects the information available and is clearly written."
"How have new US export control restrictions in 2024 negatively impacted NVIDIA Corporation's competitive position compared to certain competitors, and what specific risks do these controls pose for its future business and results in the China market and beyond?",662; 654; 653; 585; 637,"Based on the provided context and recent developments, here is a professional assessment of how new US export control restrictions in 2024 have negatively impacted NVIDIA Corporation’s competitive position and the specific risks these controls pose for its future business and results in the China market and beyond:

## Impact on Competitive Position

- **Direct Competitive Disadvantage:** The new US export controls have placed NVIDIA at a disadvantage compared to competitors whose products are not subject to the same restrictions or who may be able to secure export licenses more easily. This has made it more difficult for NVIDIA to serve key markets, particularly China, where demand for advanced AI chips remains strong[5][2].
- **Licensing Complexity:** The licensing process is cumbersome, time-consuming, and uncertain. NVIDIA has not received licenses to ship restricted products to China, and even if licenses are granted, they may come with burdensome conditions that are difficult to meet or accept. This uncertainty discourages customers from relying on NVIDIA, pushing them toward alternative suppliers[5][2].
- **Market Share Erosion:** As a result of these restrictions, NVIDIA’s sales to China as a percentage of total Data Center revenue have declined, from 19% in fiscal year 2023 to 14% in fiscal year 2024, and further to a mid-single-digit percentage in the fourth quarter of fiscal year 2024. This trend is expected to continue, eroding NVIDIA’s market share in one of the world’s largest and fastest-growing AI markets[5].
- **Encouragement of Alternatives:** Customers in China are increasingly turning to local suppliers or competitors from Europe and Israel, who are not subject to the same export controls. This shift is likely to accelerate if export restrictions persist or tighten further[5].

## Specific Risks for Future Business and Results

- **Revenue and Profitability Impact:** The export controls have already resulted in a $5.5 billion financial charge for NVIDIA, reflecting the impact of blocked AI chip sales to China. This has led to significant inventory risk and a sharp decline in share price[5][2].
- **Supply Chain Disruption:** Export controls may disrupt NVIDIA’s supply and distribution chain, negatively impacting sales not only in China but also in other regions, including the US and Europe, especially for gaming products[5].
- **Product Development Delays:** The restrictions may delay or prevent the development of certain products, as NVIDIA is forced to redesign chips to comply with new rules or seek alternative markets for its inventory[5].
- **Geopolitical and Regulatory Uncertainty:** The increasing strategic importance of AI and rising geopolitical tensions mean that US export control rules may change at any time, subjecting more products to restrictions and further limiting NVIDIA’s ability to serve global markets[5].
- **Market Exclusion:** If export controls are tightened further, NVIDIA may be unable to sell its inventory or develop replacement products not subject to licensing requirements, effectively excluding it from the China market and other impacted markets[5].
- **Compliance and Operational Burden:** Repeated changes in export control rules impose significant compliance burdens on NVIDIA and its customers, increasing costs and reducing operational efficiency[5].

## Summary Table

| Risk/Impact Area                | Description                                                                                  |
|----------------------------------|----------------------------------------------------------------------------------------------|
| Competitive Disadvantage         | NVIDIA at a disadvantage vs. competitors not subject to export controls                      |
| Licensing Complexity             | Cumbersome, uncertain licensing process discourages customers                                |
| Market Share Erosion             | Declining sales in China as a percentage of total revenue                                    |
| Encouragement of Alternatives    | Customers turn to local or non-US suppliers                                                  |
| Revenue and Profitability Impact | $5.5 billion charge, inventory risk, share price decline                                     |
| Supply Chain Disruption          | Disruption to supply and distribution, affecting sales globally                              |
| Product Development Delays       | Delays or inability to develop compliant products                                            |
| Geopolitical Uncertainty         | Risk of further, unpredictable changes in export control rules                               |
| Market Exclusion                 | Potential exclusion from China and other key markets                                         |
| Compliance Burden                | Increased costs and operational inefficiency due to regulatory compliance                    |

## Conclusion

The new US export control restrictions in 2024 have significantly harmed NVIDIA’s competitive position by limiting its access to the Chinese market, increasing operational complexity, and exposing the company to substantial financial and regulatory risks. These controls pose ongoing threats to NVIDIA’s future business and results, both in China and globally, as geopolitical tensions and regulatory uncertainty persist[5][2][3].",,5.0,5.0,5.0,"The answer accurately reflects the key points from the source document, detailing how the 2024 US export controls have disadvantaged NVIDIA competitively, especially in the China market, and outlines specific risks such as revenue loss, market share decline, licensing issues, and operational burdens. The inclusion of financial impact, market share data, and geopolitical risks aligns well with the provided information. The explanation is clear, well-structured, and comprehensive."
"What were the key components and figures of Oracle Corporation's consolidated statements of cash flows for the fiscal year ended May 31, 2024, including net income, operating cash flows, investing activities, and financing activities?",831; 837; 835; 829; 832,"To provide a comprehensive overview of Oracle Corporation's consolidated statements of cash flows for the fiscal year ended May 31, 2024, here are the key components and figures available from the context and search results:

## Key Components and Figures

1. **Net Income**:
   - Oracle's net income for the fiscal year ended May 31, 2024, was $10,467 million.

2. **Operating Cash Flows**:
   - The operating cash flow for fiscal year 2024 was $18,673 million.
   - Adjustments to reconcile net income to net cash provided by operating activities included:
     - **Depreciation**: $3,129 million.
     - **Amortization of intangible assets**: $3,010 million.
     - **Deferred income taxes**: $(2,139) million.
     - **Stock-based compensation**: $3,974 million.
     - **Other, net**: $720 million.
     - **Changes in operating assets and liabilities**:
       - **Increase in trade receivables, net**: $(965) million.
       - **Decrease in prepaid expenses and other assets**: $542 million.
       - **Decrease in accounts payable and other liabilities**: $(594) million.
       - **Decrease in income taxes payable**: $(127) million.
       - **Increase in deferred revenues**: $656 million.

3. **Investing Activities**:
   - **Purchases of marketable securities and other investments**: $(1,003) million.
   - **Proceeds from sales and maturities of marketable securities and other investments**: $572 million.
   - **Acquisitions, net of cash acquired**: $(63) million.
   - **Capital expenditures**: $(6,866) million.
   - **Net cash used for investing activities**: $(7,360) million.

4. **Financing Activities**:
   - **Payments for repurchases of common stock**: $(1,202) million.
   - **Proceeds from issuances of common stock**: $742 million.
   - **Shares repurchased for tax withholdings upon vesting of restricted stock-based awards**: $(2,040) million.
   - **Payments of dividends to stockholders**: $(4,391) million.
   - **(Repayments of) proceeds from issuances of commercial paper, net**: $(167) million.
   - **Repayments of senior notes and other borrowings**: $(3,500) million.
   - **Other, net**: $4 million.
   - **Net cash used for financing activities**: $(10,554) million.

5. **Effect of Exchange Rate Changes and Net Increase in Cash**:
   - **Effect of exchange rate changes on cash and cash equivalents**: $(70) million.
   - **Net increase in cash and cash equivalents**: $689 million.
   - **Cash and cash equivalents at the beginning of the period**: $9,765 million.
   - **Cash and cash equivalents at the end of the period**: $10,454 million.

For additional details or specific figures not covered here, it would be necessary to consult Oracle's official financial reports.",,5.0,5.0,5.0,"The answer accurately and comprehensively covers all key components and figures of Oracle's consolidated statements of cash flows for fiscal year 2024, including net income, operating cash flows with detailed adjustments, investing and financing activities, and related cash effects, fully consistent with the provided document chunk and sources."
"What risks does Reddit, Inc. identify in its 2024 fiscal year report related to the dependency on its senior management team and key employees, particularly concerning CEO Steven Huffman?",985; 978; 958; 929; 922,"I don't know based on the provided document.

The available context does not explicitly state any risks related to dependency on Reddit, Inc.’s senior management team or key employees, nor does it specifically mention CEO Steven Huffman in this regard. The context discusses other risk factors such as user base, content contribution, brand reputation, competition, regulatory compliance, and product development, but not management or key personnel risks[1][4][5]. For a definitive answer, you would need to consult the full 2024 fiscal year report or relevant SEC filings.",,5.0,5.0,5.0,"The answer correctly states that the provided document chunk does not explicitly mention any risks related to dependency on senior management or CEO Steven Huffman, aligning fully with the content of the source. It clearly conveys the absence of relevant information and suggests consulting the full report for definitive details, thus fully addressing the question with clarity."
"What was the main reason for the increase in net cash provided by operating activities for Tesla, Inc. during the fiscal year ended December 31, 2024?",416; 1098; 1086; 1091; 1093,"Based on the available context, the main reason for the increase in net cash provided by operating activities for Tesla, Inc. during the fiscal year ended December 31, 2024, is not explicitly stated in the provided documents. However, one source does offer a partial explanation: the increase was ""primarily due to favorable changes in net operating assets and liabilities of $2.29 billion, partially offset by a decrease in net income excluding non-cash expenses, gains and losses of $623 million."" This suggests that improvements in working capital (such as increases in accounts payable and accrued liabilities, and changes in inventory) were the primary drivers, rather than net income or non-cash adjustments[2][1].

However, since the context does not provide a single, definitive main reason and only offers a partial explanation, the most accurate answer is:

**I don't know based on the provided document.**

If you require a more detailed analysis, it would be necessary to review the full cash flow statement and accompanying notes, which are not fully detailed in the current context. The available information points to favorable changes in net operating assets and liabilities as a significant factor, but does not specify a single main reason[2][1].",,4.0,4.0,5.0,"The answer correctly identifies that the increase was partly due to favorable changes in net operating assets and liabilities, which is consistent with the available context, but notes the absence of a single definitive main reason—accurately reflecting limitations of the provided information[2][1]."
